year,area_km2,eez_km2,cum_km2,cum_pct,score
1994,NA,NA,NA,0,0
2004,894.3816037835433,158936.42475830403,894.3816037835433,0.5627291573619055,2.8136457868095275
2023,NA,NA,NA,0.5627291573619055,2.8136457868095275
